{"cameraMode":{"drawMode":0,"name":"Shaded","section":"Shading Mode"},"sceneLighting":true,"audioPlay":false,"sceneViewState":{"m_AlwaysRefresh":false,"showFog":true,"showSkybox":true,"showFlares":true,"showImageEffects":true,"showParticleSystems":true,"showVisualEffectGraphs":true,"m_FxEnabled":true},"in2DMode":false,"pivot":{"x":-81.4358139038086,"y":-1.0862302780151368,"z":25.441587448120118},"rotation":{"x":-0.31740236282348635,"y":0.48726311326026919,"z":-0.19586947560310365,"w":-0.7896055579185486},"size":20.039230346679689,"orthographic":false}